{
    "records": [
        {
          "attributes": {
            "type": "CurrencyType",
            "referenceId": "currency1"
          },
          "IsoCode": "USD",
          "DecimalPlaces": 2,
          "ConversionRate": 1,
          "IsActive":true,
          "IsCorporate": true
        },
        {
          "attributes": {
            "type": "CurrencyType",
            "referenceId": "currency2"
          },
          "IsoCode": "JPY",
          "DecimalPlaces": 2,
          "ConversionRate": 1,
          "IsActive":true,
          "IsCorporate": false
        },
        {
          "attributes": {
            "type": "CurrencyType",
            "referenceId": "currency3"
          },
          "IsoCode": "INR",
          "DecimalPlaces": 2,
          "ConversionRate": 1,
          "IsActive":true,
          "IsCorporate": false
        },
        {
          "attributes": {
            "type": "CurrencyType",
            "referenceId": "currency4"
          },
          "IsoCode": "AUD",
          "DecimalPlaces": 2,
          "ConversionRate": 1,
          "IsActive":true,
          "IsCorporate": false
        },
        {
          "attributes": {
            "type": "CurrencyType",
            "referenceId": "currency5"
          },
          "IsoCode": "GBP",
          "DecimalPlaces": 2,
          "ConversionRate": 1,
          "IsActive":true,
          "IsCorporate": false
        },
        {
          "attributes": {
            "type": "CurrencyType",
            "referenceId": "currency6"
          },
          "IsoCode": "EUR",
          "DecimalPlaces": 2,
          "ConversionRate": 1,
          "IsActive":true,
          "IsCorporate": false
        }
    ]
  }