{
    "orgName": "Trailhead Academy",
    "edition": "Enterprise",
    "features": [
        "LiveAgent",
        "AuthorApex",
        "ServiceCloud",
        "Knowledge",
        "Communities",
        "CustomerCommunity",
        "PartnerCommunity",
        "EnableSetPasswordInApi",
        "OrderManagement",
        "Sites",
        "Communities",
        "CMSUnlimitedUse",
        "ContactsToMultipleAccounts",
        "EinsteinGPTForDevelopers"
    ],
    "settings": {
        "languageSettings": {
            "enableTranslationWorkbench": true
        },
        "currencySettings": {
            "enableMultiCurrency": true
        },
        "liveAgentSettings": {
            "enableLiveAgent": true
        },
        "communitiesSettings": {
            "enableNetworksEnabled": true
        },
        "experienceBundleSettings": {
            "enableExperienceBundleMetadata": true
        },
        "lightningExperienceSettings": {
            "enableS1DesktopEnabled": true
        },
        "mobileSettings": {
            "enableS1EncryptedStoragePref2": false

        },        
        "apexSettings": {
            "enableDisableParallelApexTesting": true

        },
        "securitySettings": {
            "sessionSettings": {
                "lockerServiceNext": true
            }
        },
        "emailTemplateSettings": {
            "enableTemplateEnhancedFolderPref": true
        }
    }
}
